"ng-binding","pbi src","st-ply href","st-ply-name","st-ply-tm-name","ng-binding 2","ng-binding 3","ng-binding 4","ng-binding 5","ng-binding 6","ng-binding 7","ng-binding 8","ng-binding 9","ng-binding 10","ng-binding 11","ng-binding 12","np-ico src"
"","","","","","","","","","","","","","","","",""
"1","https://scores.iplt20.com/ipl/playerimages/Harshal%20Patel.png?v=1","https://www.iplt20.com/teams/punjab-kings/squad-details/157","Harshal Patel","PBKS","24","14","14","49.0","477","15/3","19.87","9.73","12.25","0","0",""
"2","https://scores.iplt20.com/ipl/playerimages/Varun%20Chakaravarthy.png?v=1","https://www.iplt20.com/teams/kolkata-knight-riders/squad-details/5432","Varun Chakaravarthy","KKR","21","15","14","50.0","402","16/3","19.14","8.04","14.28","0","0","https://scores.iplt20.com/ipl/teamlogos/KKR.png?v=1"
"3","https://scores.iplt20.com/ipl/playerimages/Jasprit%20Bumrah.png?v=1","https://www.iplt20.com/teams/mumbai-indians/squad-details/1124","Jasprit Bumrah","MI","20","13","13","51.5","336","21/5","16.80","6.48","15.55","0","1","https://scores.iplt20.com/ipl/teamlogos/MI.png?v=1"
"4","https://scores.iplt20.com/ipl/playerimages/T%20Natarajan.png?v=1","https://www.iplt20.com/teams/sunrisers-hyderabad/squad-details/3831","T Natarajan","SRH","19","14","14","51.2","465","19/4","24.47","9.05","16.21","1","0","https://scores.iplt20.com/ipl/teamlogos/SRH.png?v=1"
"5","https://scores.iplt20.com/ipl/playerimages/Harshit%20Rana.png?v=1","https://www.iplt20.com/teams/kolkata-knight-riders/squad-details/20626","Harshit Rana","KKR","19","13","11","42.1","383","24/3","20.15","9.08","13.31","0","0","https://scores.iplt20.com/ipl/teamlogos/KKR.png?v=1"
"6","https://scores.iplt20.com/ipl/playerimages/Avesh%20Khan.png?v=1","https://www.iplt20.com/teams/rajasthan-royals/squad-details/1561","Avesh Khan","RR","19","16","15","54.5","526","27/3","27.68","9.59","17.31","0","0","https://scores.iplt20.com/ipl/teamlogos/RR.png?v=1"
"7","https://scores.iplt20.com/ipl/playerimages/Arshdeep%20Singh.png?v=1","https://www.iplt20.com/teams/punjab-kings/squad-details/4698","Arshdeep Singh","PBKS","19","14","14","50.2","505","29/4","26.57","10.03","15.89","1","0","https://scores.iplt20.com/ipl/teamlogos/PBKS.png?v=1"
"8","https://scores.iplt20.com/ipl/playerimages/Andre%20Russell.png?v=1","https://www.iplt20.com/teams/kolkata-knight-riders/squad-details/177","Andre Russell","KKR","19","15","14","29.2","295","19/3","15.52","10.05","9.26","0","0","https://scores.iplt20.com/ipl/teamlogos/KKR.png?v=1"
"9","https://scores.iplt20.com/ipl/playerimages/Pat%20Cummins.png?v=1","https://www.iplt20.com/teams/sunrisers-hyderabad/squad-details/488","Pat Cummins","SRH","18","16","16","61.0","566","43/3","31.44","9.27","20.33","0","0","https://scores.iplt20.com/ipl/teamlogos/SRH.png?v=1"
"10","https://scores.iplt20.com/ipl/playerimages/Yuzvendra%20Chahal.png?v=1","https://www.iplt20.com/teams/rajasthan-royals/squad-details/111","Yuzvendra Chahal","RR","18","15","15","58.0","546","11/3","30.33","9.41","19.33","0","0","https://scores.iplt20.com/ipl/teamlogos/RR.png?v=1"
"11","https://scores.iplt20.com/ipl/playerimages/Sunil%20Narine.png?v=1","https://www.iplt20.com/teams/kolkata-knight-riders/squad-details/203","Sunil Narine","KKR","17","15","14","55.0","368","22/2","21.64","6.69","19.41","0","0","https://scores.iplt20.com/ipl/teamlogos/KKR.png?v=1"
"12","https://scores.iplt20.com/ipl/playerimages/Tushar%20Deshpande.png?v=1","https://www.iplt20.com/teams/chennai-super-kings/squad-details/3257","Tushar Deshpande","CSK","17","13","13","48.0","424","27/4","24.94","8.83","16.94","1","0","https://scores.iplt20.com/ipl/teamlogos/CSK.png?v=1"
"13","https://scores.iplt20.com/ipl/playerimages/Khaleel%20Ahmed.png?v=1","https://www.iplt20.com/teams/delhi-capitals/squad-details/2964","Khaleel Ahmed","DC","17","14","14","50.0","479","21/2","28.17","9.58","17.64","0","0","https://scores.iplt20.com/ipl/teamlogos/DC.png?v=1"
"14","https://scores.iplt20.com/ipl/playerimages/Mukesh%20Kumar.png?v=1","https://www.iplt20.com/teams/delhi-capitals/squad-details/5622","Mukesh Kumar","DC","17","10","10","35.3","368","14/3","21.64","10.36","12.52","0","0","https://scores.iplt20.com/ipl/teamlogos/DC.png?v=1"
"15","https://scores.iplt20.com/ipl/playerimages/Mitchell%20Starc.png?v=1","https://www.iplt20.com/teams/kolkata-knight-riders/squad-details/490","Mitchell Starc","KKR","17","14","13","41.5","444","33/4","26.11","10.61","14.76","1","0","https://scores.iplt20.com/ipl/teamlogos/KKR.png?v=1"
"16","https://scores.iplt20.com/ipl/playerimages/Trent%20Boult.png?v=1","https://www.iplt20.com/teams/rajasthan-royals/squad-details/969","Trent Boult","RR","16","16","15","53.2","443","22/3","27.68","8.30","20.00","0","0","https://scores.iplt20.com/ipl/teamlogos/RR.png?v=1"
"17","https://scores.iplt20.com/ipl/playerimages/Kuldeep%20Yadav.png?v=1","https://www.iplt20.com/teams/delhi-capitals/squad-details/261","Kuldeep Yadav","DC","16","11","11","43.0","374","55/4","23.37","8.69","16.12","1","0","https://scores.iplt20.com/ipl/teamlogos/DC.png?v=1"
"18","https://scores.iplt20.com/ipl/playerimages/Sam%20Curran.png?v=1","https://www.iplt20.com/teams/punjab-kings/squad-details/2939","Sam Curran","PBKS","16","13","13","41.0","416","28/3","26.00","10.14","15.37","0","0","https://scores.iplt20.com/ipl/teamlogos/PBKS.png?v=1"
"19","https://scores.iplt20.com/ipl/playerimages/Yash%20Dayal.png?v=1","https://www.iplt20.com/teams/royal-challengers-bengaluru/squad-details/20591","Yash Dayal","RCB","15","14","14","50.1","459","20/3","30.60","9.14","20.06","0","0","https://scores.iplt20.com/ipl/teamlogos/RCB.png?v=1"
"20","https://scores.iplt20.com/ipl/playerimages/Mohammed%20Siraj.png?v=1","https://www.iplt20.com/teams/royal-challengers-bengaluru/squad-details/3840","Mohammed Siraj","RCB","15","14","14","54.0","496","43/3","33.06","9.18","21.60","0","0","https://scores.iplt20.com/ipl/teamlogos/RCB.png?v=1"
"21","https://scores.iplt20.com/ipl/playerimages/Mustafizur%20Rahman.png?v=1","https://www.iplt20.com/teams/chennai-super-kings/squad-details/1594","Mustafizur Rahman","CSK","14","9","9","34.2","318","29/4","22.71","9.26","14.71","1","0","https://scores.iplt20.com/ipl/teamlogos/CSK.png?v=1"
"22","https://scores.iplt20.com/ipl/playerimages/Naveen-Ul-Haq.png?v=1","https://www.iplt20.com/teams/lucknow-super-giants/squad-details/5681","Naveen-Ul-Haq","LSG","14","10","10","36.3","372","49/3","26.57","10.19","15.64","0","0","https://scores.iplt20.com/ipl/teamlogos/LSG.png?v=1"
"23","https://scores.iplt20.com/ipl/playerimages/Matheesha%20Pathirana.png?v=1","https://www.iplt20.com/teams/chennai-super-kings/squad-details/20627","Matheesha Pathirana","CSK","13","6","6","22.0","169","28/4","13.00","7.68","10.15","1","0","https://scores.iplt20.com/ipl/teamlogos/CSK.png?v=1"
"24","https://scores.iplt20.com/ipl/playerimages/Sandeep%20Sharma.png?v=1","https://www.iplt20.com/teams/rajasthan-royals/squad-details/1112","Sandeep Sharma","RR","13","11","10","38.0","311","18/5","23.92","8.18","17.53","0","1","https://scores.iplt20.com/ipl/teamlogos/RR.png?v=1"
"25","https://scores.iplt20.com/ipl/playerimages/Piyush%20Chawla.png?v=1","https://www.iplt20.com/teams/mumbai-indians/squad-details/76","Piyush Chawla","MI","13","11","11","35.0","312","29/3","24.00","8.91","16.15","0","0","https://scores.iplt20.com/ipl/teamlogos/MI.png?v=1"
"26","https://scores.iplt20.com/ipl/playerimages/Gerald%20Coetzee.png?v=1","https://www.iplt20.com/teams/mumbai-indians/squad-details/20686","Gerald Coetzee","MI","13","10","10","33.3","341","34/4","26.23","10.17","15.46","1","0","https://scores.iplt20.com/ipl/teamlogos/MI.png?v=1"
"27","https://scores.iplt20.com/ipl/playerimages/Mohit%20Sharma.png?v=1","https://www.iplt20.com/teams/gujarat-titans/squad-details/1107","Mohit Sharma","GT","13","12","11","39.0","425","25/3","32.69","10.89","18.00","0","0","https://scores.iplt20.com/ipl/teamlogos/GT.png?v=1"
"28","https://scores.iplt20.com/ipl/playerimages/Axar%20Patel.png?v=1","https://www.iplt20.com/teams/delhi-capitals/squad-details/1113","Axar Patel","DC","11","14","14","44.0","337","25/2","30.63","7.65","24.00","0","0","https://scores.iplt20.com/ipl/teamlogos/DC.png?v=1"
"29","https://scores.iplt20.com/ipl/playerimages/Kagiso%20Rabada.png?v=1","https://www.iplt20.com/teams/punjab-kings/squad-details/1664","Kagiso Rabada","PBKS","11","11","11","42.0","372","18/2","33.81","8.85","22.90","0","0","https://scores.iplt20.com/ipl/teamlogos/PBKS.png?v=1"
"30","https://scores.iplt20.com/ipl/playerimages/Vaibhav%20Arora.png?v=1","https://www.iplt20.com/teams/kolkata-knight-riders/squad-details/14859","Vaibhav Arora","KKR","11","10","10","30.0","276","27/3","25.09","9.20","16.36","0","0","https://scores.iplt20.com/ipl/teamlogos/KKR.png?v=1"
"31","https://scores.iplt20.com/ipl/playerimages/Bhuvneshwar%20Kumar.png?v=1","https://www.iplt20.com/teams/sunrisers-hyderabad/squad-details/116","Bhuvneshwar Kumar","SRH","11","16","16","57.0","533","41/3","48.45","9.35","31.09","0","0","https://scores.iplt20.com/ipl/teamlogos/SRH.png?v=1"
"32","https://scores.iplt20.com/ipl/playerimages/Hardik%20Pandya.png?v=1","https://www.iplt20.com/teams/mumbai-indians/squad-details/2740","Hardik Pandya","MI","11","14","12","36.0","387","31/3","35.18","10.75","19.63","0","0","https://scores.iplt20.com/ipl/teamlogos/MI.png?v=1"
"33","https://scores.iplt20.com/ipl/playerimages/Yash%20Thakur.png?v=1","https://www.iplt20.com/teams/lucknow-super-giants/squad-details/5624","Yash Thakur","LSG","11","10","10","35.3","402","30/5","36.54","11.32","19.36","0","1","https://scores.iplt20.com/ipl/teamlogos/LSG.png?v=1"
"34","https://scores.iplt20.com/ipl/playerimages/Rashid%20Khan.png?v=1","https://www.iplt20.com/teams/gujarat-titans/squad-details/2885","Rashid Khan","GT","10","12","12","43.4","367","38/2","36.70","8.40","26.20","0","0","https://scores.iplt20.com/ipl/teamlogos/GT.png?v=1"
"35","https://scores.iplt20.com/ipl/playerimages/Cameron%20Green.png?v=1","https://www.iplt20.com/teams/royal-challengers-bengaluru/squad-details/5602","Cameron Green","RCB","10","13","13","35.1","303","12/2","30.30","8.61","21.10","0","0","https://scores.iplt20.com/ipl/teamlogos/RCB.png?v=1"
"36","https://scores.iplt20.com/ipl/playerimages/Ravi%20Bishnoi.png?v=1","https://www.iplt20.com/teams/lucknow-super-giants/squad-details/19351","Ravi Bishnoi","LSG","10","14","14","43.4","383","25/2","38.30","8.77","26.20","0","0","https://scores.iplt20.com/ipl/teamlogos/LSG.png?v=1"
"37","https://scores.iplt20.com/ipl/playerimages/Rahul%20Chahar.png?v=1","https://www.iplt20.com/teams/punjab-kings/squad-details/3763","Rahul Chahar","PBKS","10","9","9","31.0","279","23/3","27.90","9.00","18.60","0","0","https://scores.iplt20.com/ipl/teamlogos/PBKS.png?v=1"
"38","https://scores.iplt20.com/ipl/playerimages/Ishant%20Sharma.png?v=1","https://www.iplt20.com/teams/delhi-capitals/squad-details/38","Ishant Sharma","DC","10","9","9","27.0","265","34/3","26.50","9.81","16.20","0","0","https://scores.iplt20.com/ipl/teamlogos/DC.png?v=1"
"39","https://scores.iplt20.com/ipl/playerimages/Mohsin%20Khan.png?v=1","https://www.iplt20.com/teams/lucknow-super-giants/squad-details/4952","Mohsin Khan","LSG","10","9","10","38.0","385","29/2","38.50","10.13","22.80","0","0","https://scores.iplt20.com/ipl/teamlogos/LSG.png?v=1"
"40","https://scores.iplt20.com/ipl/playerimages/Ravichandran%20Ashwin.png?v=1","https://www.iplt20.com/teams/rajasthan-royals/squad-details/8","Ravichandran Ashwin","RR","9","15","14","55.0","467","24/3","51.88","8.49","36.66","0","0","https://scores.iplt20.com/ipl/teamlogos/RR.png?v=1"
"41","https://scores.iplt20.com/ipl/playerimages/Lockie%20Ferguson.png?v=1","https://www.iplt20.com/teams/royal-challengers-bengaluru/squad-details/3729","Lockie Ferguson","RCB","9","7","7","24.0","255","23/2","28.33","10.62","16.00","0","0","https://scores.iplt20.com/ipl/teamlogos/RCB.png?v=1"
"42","https://scores.iplt20.com/ipl/playerimages/Rasikh%20Salam.png?v=1","https://www.iplt20.com/teams/delhi-capitals/squad-details/20577","Rasikh Salam","DC","9","8","8","24.3","269","34/3","29.88","10.97","16.33","0","0","https://scores.iplt20.com/ipl/teamlogos/DC.png?v=1"
"43","https://scores.iplt20.com/ipl/playerimages/Ravindra%20Jadeja.png?v=1","https://www.iplt20.com/teams/chennai-super-kings/squad-details/9","Ravindra Jadeja","CSK","8","14","14","47.0","369","18/3","46.12","7.85","35.25","0","0","https://scores.iplt20.com/ipl/teamlogos/CSK.png?v=1"
"44","https://scores.iplt20.com/ipl/playerimages/Noor%20Ahmad.png?v=1","https://www.iplt20.com/teams/gujarat-titans/squad-details/20590","Noor Ahmad","GT","8","10","10","34.5","290","20/2","36.25","8.32","26.12","0","0","https://scores.iplt20.com/ipl/teamlogos/GT.png?v=1"
"45","https://scores.iplt20.com/ipl/playerimages/Nuwan%20Thushara.png?v=1","https://www.iplt20.com/teams/mumbai-indians/squad-details/20700","Nuwan Thushara","MI","8","7","7","26.0","257","28/3","32.12","9.88","19.50","0","0","https://scores.iplt20.com/ipl/teamlogos/MI.png?v=1"
"46","https://scores.iplt20.com/ipl/playerimages/Umesh%20Yadav.png?v=1","https://www.iplt20.com/teams/gujarat-titans/squad-details/59","Umesh Yadav","GT","8","7","7","21.0","210","22/2","26.25","10.00","15.75","0","0","https://scores.iplt20.com/ipl/teamlogos/GT.png?v=1"
"47","https://scores.iplt20.com/ipl/playerimages/Jaydev%20Unadkat.png?v=1","https://www.iplt20.com/teams/sunrisers-hyderabad/squad-details/86","Jaydev Unadkat","SRH","8","11","11","31.1","319","30/3","39.87","10.23","23.37","0","0","https://scores.iplt20.com/ipl/teamlogos/SRH.png?v=1"
"48","https://scores.iplt20.com/ipl/playerimages/Mayank%20Markande.png?v=1","https://www.iplt20.com/teams/sunrisers-hyderabad/squad-details/4951","Mayank Markande","SRH","8","7","7","22.0","259","26/2","32.37","11.77","16.50","0","0","https://scores.iplt20.com/ipl/teamlogos/SRH.png?v=1"
"49","https://scores.iplt20.com/ipl/playerimages/Mayank%20Yadav.png?v=1","https://www.iplt20.com/teams/lucknow-super-giants/squad-details/20585","Mayank Yadav","LSG","7","4","4","12.1","85","14/3","12.14","6.98","10.42","0","0","https://scores.iplt20.com/ipl/teamlogos/LSG.png?v=1"
"50","https://scores.iplt20.com/ipl/playerimages/Harpreet%20Brar.png?v=1","https://www.iplt20.com/teams/punjab-kings/squad-details/5441","Harpreet Brar","PBKS","7","13","13","38.0","303","13/2","43.28","7.97","32.57","0","0","https://scores.iplt20.com/ipl/teamlogos/PBKS.png?v=1"
"51","https://scores.iplt20.com/ipl/playerimages/Nandre%20Burger.png?v=1","https://www.iplt20.com/teams/rajasthan-royals/squad-details/20716","Nandre Burger","RR","7","6","5","17.0","145","29/2","20.71","8.52","14.57","0","0","https://scores.iplt20.com/ipl/teamlogos/RR.png?v=1"
"52","https://scores.iplt20.com/ipl/playerimages/Sai%20Kishore.png?v=1","https://www.iplt20.com/teams/gujarat-titans/squad-details/7123","Sai Kishore","GT","7","5","5","15.0","137","33/4","19.57","9.13","12.85","1","0","https://scores.iplt20.com/ipl/teamlogos/GT.png?v=1"
"53","https://scores.iplt20.com/ipl/playerimages/Shahbaz%20Ahmed.png?v=1","https://www.iplt20.com/teams/sunrisers-hyderabad/squad-details/13803","Shahbaz Ahmed","SRH","7","16","15","27.3","270","23/3","38.57","9.81","23.57","0","0","https://scores.iplt20.com/ipl/teamlogos/SRH.png?v=1"
"54","https://scores.iplt20.com/ipl/playerimages/Karn%20Sharma.png?v=1","https://www.iplt20.com/teams/royal-challengers-bengaluru/squad-details/1118","Karn Sharma","RCB","7","9","9","24.0","254","29/2","36.28","10.58","20.57","0","0","https://scores.iplt20.com/ipl/teamlogos/RCB.png?v=1"
"55","https://scores.iplt20.com/ipl/playerimages/Anrich%20Nortje.png?v=1","https://www.iplt20.com/teams/delhi-capitals/squad-details/5433","Anrich Nortje","DC","7","6","6","22.0","294","59/3","42.00","13.36","18.85","0","0","https://scores.iplt20.com/ipl/teamlogos/DC.png?v=1"
"56","https://scores.iplt20.com/ipl/playerimages/Krunal%20Pandya.png?v=1","https://www.iplt20.com/teams/lucknow-super-giants/squad-details/3183","Krunal Pandya","LSG","6","14","12","33.0","255","11/3","42.50","7.72","33.00","0","0","https://scores.iplt20.com/ipl/teamlogos/LSG.png?v=1"
"57","https://scores.iplt20.com/ipl/playerimages/Glenn%20Maxwell.png?v=1","https://www.iplt20.com/teams/royal-challengers-bengaluru/squad-details/282","Glenn Maxwell","RCB","6","10","6","16.0","129","23/2","21.50","8.06","16.00","0","0","https://scores.iplt20.com/ipl/teamlogos/RCB.png?v=1"
"58","https://scores.iplt20.com/ipl/playerimages/Swapnil%20Singh.png?v=1","https://www.iplt20.com/teams/royal-challengers-bengaluru/squad-details/3180","Swapnil Singh","RCB","6","7","7","15.0","133","28/2","22.16","8.86","15.00","0","0","https://scores.iplt20.com/ipl/teamlogos/RCB.png?v=1"
"59","https://scores.iplt20.com/ipl/playerimages/Kuldeep%20Sen.png?v=1","https://www.iplt20.com/teams/rajasthan-royals/squad-details/20616","Kuldeep Sen","RR","6","3","3","12.0","122","41/3","20.33","10.16","12.00","0","0","https://scores.iplt20.com/ipl/teamlogos/RR.png?v=1"
"60","https://scores.iplt20.com/ipl/playerimages/Sandeep%20Warrier.png?v=1","https://www.iplt20.com/teams/gujarat-titans/squad-details/1092","Sandeep Warrier","GT","6","5","5","11.0","119","15/3","19.83","10.81","11.00","0","0","https://scores.iplt20.com/ipl/teamlogos/GT.png?v=1"
"61","https://scores.iplt20.com/ipl/playerimages/Deepak%20Chahar.png?v=1","https://www.iplt20.com/teams/chennai-super-kings/squad-details/140","Deepak Chahar","CSK","5","8","8","23.3","202","28/2","40.40","8.59","28.20","0","0","https://scores.iplt20.com/ipl/teamlogos/CSK.png?v=1"
"62","https://scores.iplt20.com/ipl/playerimages/Shardul%20Thakur.png?v=1","https://www.iplt20.com/teams/chennai-super-kings/squad-details/1745","Shardul Thakur","CSK","5","9","9","31.4","309","61/2","61.80","9.75","38.00","0","0","https://scores.iplt20.com/ipl/teamlogos/CSK.png?v=1"
"63","https://scores.iplt20.com/ipl/playerimages/Simarjeet%20Singh.png?v=1","https://www.iplt20.com/teams/chennai-super-kings/squad-details/10789","Simarjeet Singh","CSK","5","4","4","12.0","121","26/3","24.20","10.08","14.40","0","0","https://scores.iplt20.com/ipl/teamlogos/CSK.png?v=1"
"64","https://scores.iplt20.com/ipl/playerimages/Akash%20Madhwal.png?v=1","https://www.iplt20.com/teams/mumbai-indians/squad-details/20681","Akash Madhwal","MI","5","5","5","18.1","205","20/3","41.00","11.28","21.80","0","0","https://scores.iplt20.com/ipl/teamlogos/MI.png?v=1"
"65","https://scores.iplt20.com/ipl/playerimages/Azmatullah%20Omarzai.png?v=1","https://www.iplt20.com/teams/gujarat-titans/squad-details/20685","Azmatullah Omarzai","GT","4","7","7","21.0","186","27/2","46.50","8.85","31.50","0","0","https://scores.iplt20.com/ipl/teamlogos/GT.png?v=1"
"66","https://scores.iplt20.com/ipl/playerimages/Marcus%20Stoinis.png?v=1","https://www.iplt20.com/teams/lucknow-super-giants/squad-details/964","Marcus Stoinis","LSG","4","14","7","14.0","126","3/1","31.50","9.00","21.00","0","0","https://scores.iplt20.com/ipl/teamlogos/LSG.png?v=1"
"67","https://scores.iplt20.com/ipl/playerimages/Spencer%20Johnson.png?v=1","https://www.iplt20.com/teams/gujarat-titans/squad-details/20699","Spencer Johnson","GT","4","5","5","16.0","151","25/2","37.75","9.43","24.00","0","0","https://scores.iplt20.com/ipl/teamlogos/GT.png?v=1"
"68","https://scores.iplt20.com/ipl/playerimages/Vyshak%20Vijaykumar.png?v=1","https://www.iplt20.com/teams/royal-challengers-bengaluru/squad-details/1097","Vyshak Vijaykumar","RCB","4","4","4","14.3","142","23/2","35.50","9.79","21.75","0","0","https://scores.iplt20.com/ipl/teamlogos/RCB.png?v=1"
"69","https://scores.iplt20.com/ipl/playerimages/Reece%20Topley.png?v=1","https://www.iplt20.com/teams/royal-challengers-bengaluru/squad-details/5607","Reece Topley","RCB","4","4","4","15.0","168","27/2","42.00","11.20","22.50","0","0","https://scores.iplt20.com/ipl/teamlogos/RCB.png?v=1"
"70","https://scores.iplt20.com/ipl/playerimages/Josh%20Little.png?v=1","https://www.iplt20.com/teams/gujarat-titans/squad-details/5683","Josh Little","GT","4","1","1","4.0","45","45/4","11.25","11.25","6.00","1","0","https://scores.iplt20.com/ipl/teamlogos/GT.png?v=1"
"71","https://scores.iplt20.com/ipl/playerimages/Liam%20Livingstone.png?v=1","https://www.iplt20.com/teams/punjab-kings/squad-details/3644","Liam Livingstone","PBKS","3","7","4","12.0","84","19/2","28.00","7.00","24.00","0","0","https://scores.iplt20.com/ipl/teamlogos/PBKS.png?v=1"
"72","https://scores.iplt20.com/ipl/playerimages/Tristan%20Stubbs.png?v=1","https://www.iplt20.com/teams/delhi-capitals/squad-details/20631","Tristan Stubbs","DC","3","14","2","2.0","15","11/2","5.00","7.50","4.00","0","0","https://scores.iplt20.com/ipl/teamlogos/DC.png?v=1"
"73","https://scores.iplt20.com/ipl/playerimages/Darshan%20Nalkande.png?v=1","https://www.iplt20.com/teams/gujarat-titans/squad-details/4447","Darshan Nalkande","GT","3","3","3","4.5","45","21/2","15.00","9.31","9.66","0","0","https://scores.iplt20.com/ipl/teamlogos/GT.png?v=1"
"74","https://scores.iplt20.com/ipl/playerimages/Shreyas%20Gopal.png?v=1","https://www.iplt20.com/teams/mumbai-indians/squad-details/20696","Shreyas Gopal","MI","3","3","3","7.0","67","9/1","22.33","9.57","14.00","0","0","https://scores.iplt20.com/ipl/teamlogos/MI.png?v=1"
"75","https://scores.iplt20.com/ipl/playerimages/Nitish%20Kumar%20Reddy.png?v=1","https://www.iplt20.com/teams/sunrisers-hyderabad/squad-details/5711","Nitish Kumar Reddy","SRH","3","13","7","13.1","153","17/2","51.00","11.62","26.33","0","0","https://scores.iplt20.com/ipl/teamlogos/SRH.png?v=1"
"76","https://scores.iplt20.com/ipl/playerimages/Keshav%20Maharaj.png?v=1","https://www.iplt20.com/teams/rajasthan-royals/squad-details/20726","Keshav Maharaj","RR","2","2","2","6.0","39","23/2","19.50","6.50","18.00","0","0","https://scores.iplt20.com/ipl/teamlogos/RR.png?v=1"
"77","https://scores.iplt20.com/ipl/playerimages/Mitchell%20Santner.png?v=1","https://www.iplt20.com/teams/chennai-super-kings/squad-details/1903","Mitchell Santner","CSK","2","3","3","9.0","64","10/1","32.00","7.11","27.00","0","0","https://scores.iplt20.com/ipl/teamlogos/CSK.png?v=1"
"78","https://scores.iplt20.com/ipl/playerimages/Maheesh%20Theekshana.png?v=1","https://www.iplt20.com/teams/chennai-super-kings/squad-details/20570","Maheesh Theekshana","CSK","2","5","5","20.0","144","27/1","72.00","7.20","60.00","0","0","https://scores.iplt20.com/ipl/teamlogos/CSK.png?v=1"
"79","https://scores.iplt20.com/ipl/playerimages/Abhishek%20Sharma.png?v=1","https://www.iplt20.com/teams/sunrisers-hyderabad/squad-details/3760","Abhishek Sharma","SRH","2","16","4","7.0","51","24/2","25.50","7.28","21.00","0","0","https://scores.iplt20.com/ipl/teamlogos/SRH.png?v=1"
"80","https://scores.iplt20.com/ipl/playerimages/Mohammad%20Nabi.png?v=1","https://www.iplt20.com/teams/mumbai-indians/squad-details/618","Mohammad Nabi","MI","2","7","6","12.2","109","16/1","54.50","8.83","37.00","0","0","https://scores.iplt20.com/ipl/teamlogos/MI.png?v=1"
"81","https://scores.iplt20.com/ipl/playerimages/Moeen%20Ali.png?v=1","https://www.iplt20.com/teams/chennai-super-kings/squad-details/1735","Moeen Ali","CSK","2","8","4","8.0","71","23/2","35.50","8.87","24.00","0","0","https://scores.iplt20.com/ipl/teamlogos/CSK.png?v=1"
"82","https://scores.iplt20.com/ipl/playerimages/Vidwath%20Kaverappa.png?v=1","https://www.iplt20.com/teams/punjab-kings/squad-details/5656","Vidwath Kaverappa","PBKS","2","1","1","4.0","36","36/2","18.00","9.00","12.00","0","0","https://scores.iplt20.com/ipl/teamlogos/PBKS.png?v=1"
"83","https://scores.iplt20.com/ipl/playerimages/Will%20Jacks.png?v=1","https://www.iplt20.com/teams/royal-challengers-bengaluru/squad-details/5629","Will Jacks","RCB","2","8","5","9.0","100","23/1","50.00","11.11","27.00","0","0","https://scores.iplt20.com/ipl/teamlogos/RCB.png?v=1"
"84","https://scores.iplt20.com/ipl/playerimages/Anshul%20Kamboj.png?v=1","https://www.iplt20.com/teams/mumbai-indians/squad-details/20702","Anshul Kamboj","MI","2","3","3","10.0","114","24/1","57.00","11.40","30.00","0","0","https://scores.iplt20.com/ipl/teamlogos/MI.png?v=1"
"85","https://scores.iplt20.com/ipl/playerimages/Shashank%20Singh.png?v=1","https://www.iplt20.com/teams/punjab-kings/squad-details/3261","Shashank Singh","PBKS","1","14","1","1.0","5","5/1","5.00","5.00","6.00","0","0","https://scores.iplt20.com/ipl/teamlogos/PBKS.png?v=1"
"86","https://scores.iplt20.com/ipl/playerimages/Nathan%20Ellis.png?v=1","https://www.iplt20.com/teams/punjab-kings/squad-details/17118","Nathan Ellis","PBKS","1","1","1","4.0","24","24/1","24.00","6.00","24.00","0","0","https://scores.iplt20.com/ipl/teamlogos/PBKS.png?v=1"
"87","https://scores.iplt20.com/ipl/playerimages/M%20Siddharth.png?v=1","https://www.iplt20.com/teams/lucknow-super-giants/squad-details/7119","M Siddharth","LSG","1","3","3","9.0","71","21/1","71.00","7.88","54.00","0","0","https://scores.iplt20.com/ipl/teamlogos/LSG.png?v=1"
"88","https://scores.iplt20.com/ipl/images/default-player-statsImage.png?v=1","https://www.iplt20.com/teams/sunrisers-hyderabad/squad-details/20728","Vijayakanth Viyaskanth","SRH","1","3","3","10.0","86","37/1","86.00","8.60","60.00","0","0","https://scores.iplt20.com/ipl/teamlogos/SRH.png?v=1"
"89","https://scores.iplt20.com/ipl/images/default-player-statsImage.png?v=1","https://www.iplt20.com/teams/chennai-super-kings/squad-details/20730","Richard Gleeson","CSK","1","2","2","7.5","71","30/1","71.00","9.06","47.00","0","0","https://scores.iplt20.com/ipl/teamlogos/CSK.png?v=1"
"90","https://scores.iplt20.com/ipl/playerimages/Matt%20Henry.png?v=1","https://www.iplt20.com/teams/lucknow-super-giants/squad-details/1505","Matt Henry","LSG","1","4","4","12.0","110","28/1","110.00","9.16","72.00","0","0","https://scores.iplt20.com/ipl/teamlogos/LSG.png?v=1"
"91","https://scores.iplt20.com/ipl/playerimages/Amit%20Mishra.png?v=1","https://www.iplt20.com/teams/lucknow-super-giants/squad-details/30","Amit Mishra","LSG","1","1","1","2.0","20","20/1","20.00","10.00","12.00","0","0","https://scores.iplt20.com/ipl/teamlogos/LSG.png?v=1"
"92","https://scores.iplt20.com/ipl/playerimages/Mayank%20Dagar.png?v=1","https://www.iplt20.com/teams/royal-challengers-bengaluru/squad-details/2968","Mayank Dagar","RCB","1","5","5","11.5","120","23/1","120.00","10.14","71.00","0","0","https://scores.iplt20.com/ipl/teamlogos/RCB.png?v=1"
"93","https://scores.iplt20.com/ipl/playerimages/Arshad%20Khan.png?v=1","https://www.iplt20.com/teams/lucknow-super-giants/squad-details/20599","Arshad Khan","LSG","1","4","4","10.1","114","45/1","114.00","11.21","61.00","0","0","https://scores.iplt20.com/ipl/teamlogos/LSG.png?v=1"
"94","https://scores.iplt20.com/ipl/playerimages/Daryl%20Mitchell.png?v=1","https://www.iplt20.com/teams/chennai-super-kings/squad-details/20617","Daryl Mitchell","CSK","1","13","2","6.0","70","18/1","70.00","11.66","36.00","0","0","https://scores.iplt20.com/ipl/teamlogos/CSK.png?v=1"
"95","https://scores.iplt20.com/ipl/playerimages/Alzarri%20Joseph.png?v=1","https://www.iplt20.com/teams/royal-challengers-bengaluru/squad-details/3098","Alzarri Joseph","RCB","1","3","3","9.4","115","43/1","115.00","11.89","58.00","0","0","https://scores.iplt20.com/ipl/teamlogos/RCB.png?v=1"
"96","https://scores.iplt20.com/ipl/images/default-player-statsImage.png?v=1","https://www.iplt20.com/teams/delhi-capitals/squad-details/20727","Lizaad Williams","DC","1","2","2","6.0","72","38/1","72.00","12.00","36.00","0","0","https://scores.iplt20.com/ipl/teamlogos/DC.png?v=1"
"97","https://scores.iplt20.com/ipl/playerimages/Mitchell%20Marsh.png?v=1","https://www.iplt20.com/teams/delhi-capitals/squad-details/","Mitchell Marsh","DC","1","4","3","8.0","103","37/1","103.00","12.87","48.00","0","0","https://scores.iplt20.com/ipl/teamlogos/DC.png?v=1"
"98","https://scores.iplt20.com/ipl/playerimages/Marco%20Jansen.png?v=1","https://www.iplt20.com/teams/sunrisers-hyderabad/squad-details/17068","Marco Jansen","SRH","1","3","3","10.0","129","45/1","129.00","12.90","60.00","0","0","https://scores.iplt20.com/ipl/teamlogos/SRH.png?v=1"
"99","https://scores.iplt20.com/ipl/playerimages/Yudhvir%20Singh.png?v=1","https://www.iplt20.com/teams/lucknow-super-giants/squad-details/10842","Yudhvir Singh","LSG","1","2","2","4.0","52","24/1","52.00","13.00","24.00","0","0","https://scores.iplt20.com/ipl/teamlogos/LSG.png?v=1"
"100","https://scores.iplt20.com/ipl/playerimages/Romario%20Shepherd.png?v=1","https://www.iplt20.com/teams/mumbai-indians/squad-details/20609","Romario Shepherd","MI","1","6","5","12.0","159","54/1","159.00","13.25","72.00","0","0","https://scores.iplt20.com/ipl/teamlogos/MI.png?v=1"
"101","https://scores.iplt20.com/ipl/playerimages/Shivam%20Dube.png?v=1","https://www.iplt20.com/teams/chennai-super-kings/squad-details/5431","Shivam Dube","CSK","1","14","1","1.0","14","14/1","14.00","14.00","6.00","0","0","https://scores.iplt20.com/ipl/teamlogos/CSK.png?v=1"
"102","https://scores.iplt20.com/ipl/playerimages/Washington%20Sundar.png?v=1","https://www.iplt20.com/teams/sunrisers-hyderabad/squad-details/2973","Washington Sundar","SRH","1","2","2","5.0","73","46/1","73.00","14.60","30.00","0","0","https://scores.iplt20.com/ipl/teamlogos/SRH.png?v=1"
"103","https://scores.iplt20.com/ipl/images/default-player-statsImage.png?v=1","https://www.iplt20.com/teams/mumbai-indians/squad-details/20724","Kwena Maphaka","MI","1","2","2","6.0","89","23/1","89.00","14.83","36.00","0","0","https://scores.iplt20.com/ipl/teamlogos/MI.png?v=1"
"104","https://scores.iplt20.com/ipl/playerimages/Luke%20Wood.png?v=1","https://www.iplt20.com/teams/mumbai-indians/squad-details/20721","Luke Wood","MI","1","2","2","6.0","93","68/1","93.00","15.50","36.00","0","0","https://scores.iplt20.com/ipl/teamlogos/MI.png?v=1"
"105","https://scores.iplt20.com/ipl/playerimages/Akash%20Deep.png?v=1","https://www.iplt20.com/teams/royal-challengers-bengaluru/squad-details/14800","Akash Deep","RCB","1","1","1","3.3","55","55/1","55.00","15.71","21.00","0","0","https://scores.iplt20.com/ipl/teamlogos/RCB.png?v=1"